{
    "step": 99,
    "epsilon": 0.995009990004999,
    "loss": 0.008826496601104737,
    "mean_reward": -0.01
}