{
    "step": 99,
    "epsilon": 0.995009990004999,
    "loss": 0.01648238778114319,
    "mean_reward": -0.024
}